{
  "featureNames": [
    "intercept",
    "W âˆ’ L",
    "strength",
    "gdCap",
    "(Wâˆ’L)/nGames",
    "strengthĂ—(Wâˆ’L)/nGames"
  ],
  "coefficients": [
    0.0809683435271396,
    0.13829752177117377,
    0.9152393288178818,
    1.3587268365585214,
    11.14142831876301,
    -0.0009438995813112832
  ],
  "utah": {
    "mae": 0.7275267666565786,
    "maxErr": 2.0893359554441115,
    "r2": 0.9895395730877168
  },
  "texas": {
    "mae": 1.599284821095935,
    "maxErr": 8.138403653958594,
    "r2": 0.6171353468995676
  }
}